Threads,Trials,MegaTrialsPerSecond
1,0,0
2,0,0
4,0,0
6,0,0
8,0,0
1,100,15.3799
1,1000,23.6524
1,10000,16.0686
1,50000,14.225
1,100000,14.4807
2,100,28.5225
2,1000,33.2823
2,10000,28.8569
2,50000,23.6344
2,100000,21.4975
4,100,5.21485
4,1000,11.1336
4,10000,17.1283
4,50000,21.1046
4,100000,26.3828
6,100,1.29527
6,1000,8.26884
6,10000,13.1161
6,50000,19.3483
6,100000,26.3546
8,100,0.899952
8,1000,6.77755
8,10000,24.7886
8,50000,26.5659
8,100000,26.4742
